{
  "roc_auc": 0.8960593342781067,
  "pr_auc": 0.8978182673454285,
  "th_best": 0.35,
  "f1_best": 0.8123079678373989,
  "acc_best": 0.7920331991451717,
  "prec_best": 0.7423652387784078,
  "rec_best": 0.8968010300088691,
  "cm_best": [
    [
      13763,
      6285
    ],
    [
      2084,
      18110
    ]
  ],
  "th_050": 0.5,
  "acc_050": 0.7975001242482977,
  "prec_050": 0.8468982201485602,
  "rec_050": 0.7280875507576147,
  "f1_050": 0.7830115825143866,
  "cm_050": [
    [
      17390,
      2658
    ],
    [
      5491,
      14703
    ]
  ],
  "segments": {
    "0.50": {
      "has_url": {
        "th": 0.5,
        "acc": 1.0,
        "prec": 0.99999999975,
        "rec": 0.99999999975,
        "f1": 0.9999999992499999,
        "tp": 4,
        "fp": 0,
        "tn": 2,
        "fn": 0,
        "count": 6
      },
      "has_email": {
        "th": 0.5,
        "acc": 1.0,
        "prec": 0.9999999995,
        "rec": 0.9999999995,
        "f1": 0.9999999989999999,
        "tp": 2,
        "fp": 0,
        "tn": 0,
        "fn": 0,
        "count": 2
      },
      "has_hangul": {
        "th": 0.5,
        "acc": 0.7993749369896159,
        "prec": 0.8482049494596928,
        "rec": 0.7319530780027705,
        "f1": 0.7858027011871803,
        "tp": 14601,
        "fp": 2613,
        "tn": 17115,
        "fn": 5347,
        "count": 39676
      },
      "has_kek": {
        "th": 0.5,
        "acc": 0.7409033877038896,
        "prec": 0.8558110627713761,
        "rec": 0.6986301369859469,
        "f1": 0.7692737425214424,
        "tp": 1377,
        "fp": 232,
        "tn": 985,
        "fn": 594,
        "count": 3188
      },
      "has_negation": {
        "th": 0.5,
        "acc": 0.8359470290991462,
        "prec": 0.8007518796990165,
        "rec": 0.6987130961391121,
        "f1": 0.7462606112795027,
        "tp": 2769,
        "fp": 689,
        "tn": 6826,
        "fn": 1194,
        "count": 11478
      },
      "len<=10": {
        "th": 0.5,
        "acc": 0.7648247978436657,
        "prec": 0.8756157635462589,
        "rec": 0.6272606969560532,
        "f1": 0.7309175014408036,
        "tp": 1422,
        "fp": 202,
        "tn": 1983,
        "fn": 845,
        "count": 4452
      },
      "11<=len<=30": {
        "th": 0.5,
        "acc": 0.7839710114036023,
        "prec": 0.8309945839486914,
        "rec": 0.715754877014343,
        "f1": 0.7690817949002726,
        "tp": 6751,
        "fp": 1373,
        "tn": 7961,
        "fn": 2681,
        "count": 18766
      },
      "len>30": {
        "th": 0.5,
        "acc": 0.8209586466165414,
        "prec": 0.8577433337710682,
        "rec": 0.7686874632135645,
        "f1": 0.8107772530400127,
        "tp": 6530,
        "fp": 1083,
        "tn": 7446,
        "fn": 1965,
        "count": 17024
      }
    },
    "0.35": {
      "has_url": {
        "th": 0.35,
        "acc": 0.8333333333333334,
        "prec": 0.79999999984,
        "rec": 0.99999999975,
        "f1": 0.8888888881975309,
        "tp": 4,
        "fp": 1,
        "tn": 1,
        "fn": 0,
        "count": 6
      },
      "has_email": {
        "th": 0.35,
        "acc": 1.0,
        "prec": 0.9999999995,
        "rec": 0.9999999995,
        "f1": 0.9999999989999999,
        "tp": 2,
        "fp": 0,
        "tn": 0,
        "fn": 0,
        "count": 2
      },
      "has_hangul": {
        "th": 0.35,
        "acc": 0.7955943139429378,
        "prec": 0.7475947460888167,
        "rec": 0.8959294164828104,
        "f1": 0.8150681802857205,
        "tp": 17872,
        "fp": 6034,
        "tn": 13694,
        "fn": 2076,
        "count": 39676
      },
      "has_kek": {
        "th": 0.35,
        "acc": 0.7813676286072773,
        "prec": 0.7791411042941371,
        "rec": 0.9020801623536773,
        "f1": 0.836115682549541,
        "tp": 1778,
        "fp": 504,
        "tn": 713,
        "fn": 193,
        "count": 3188
      },
      "has_negation": {
        "th": 0.35,
        "acc": 0.796828715804147,
        "prec": 0.6647807637905304,
        "rec": 0.8301791572039288,
        "f1": 0.7383303406190606,
        "tp": 3290,
        "fp": 1659,
        "tn": 5856,
        "fn": 673,
        "count": 11478
      },
      "len<=10": {
        "th": 0.35,
        "acc": 0.7574123989218329,
        "prec": 0.6866939289082458,
        "rec": 0.9629466254958258,
        "f1": 0.801689312771164,
        "tp": 2183,
        "fp": 996,
        "tn": 1189,
        "fn": 84,
        "count": 4452
      },
      "11<=len<=30": {
        "th": 0.35,
        "acc": 0.7795481189385058,
        "prec": 0.7266113155866878,
        "rec": 0.9000212044104219,
        "f1": 0.8040729334388291,
        "tp": 8489,
        "fp": 3194,
        "tn": 6140,
        "fn": 943,
        "count": 18766
      },
      "len>30": {
        "th": 0.35,
        "acc": 0.8148496240601504,
        "prec": 0.7802370712261848,
        "rec": 0.8755738669804737,
        "f1": 0.8251608603846368,
        "tp": 7438,
        "fp": 2095,
        "tn": 6434,
        "fn": 1057,
        "count": 17024
      }
    }
  }
}